查询次数,EvoStar,ACMC,ADPE,COBRA,COBRAS,A3S,FFQS,SSSE,SPACE
0,0.0,0.0,0.0,0.2637484294606201,0.0,0.3583,0.0834128436823525,0.1266473280222694,0.0914343818978094
1,0.0,0.003332914277267314,0.0028920026763583633,0.2637484294606201,0.0,0.3589,0.08429538903421244,0.1266473280222694,0.0914343818978094
2,0.0521372690338995,0.006665828554534628,0.0057840053527167265,0.2637484294606201,0.0,0.3589,0.08517793438607238,0.1266473280222694,0.0914343818978094
3,0.0521372690338995,0.009998742831801941,0.00867600802907509,0.2637484294606201,0.0662619981516059,0.358,0.08606047973793232,0.1266473280222694,0.0914343818978094
4,0.041401233562675804,0.013331657109069256,0.011568010705433453,0.2637484294606201,0.0662619981516059,0.358,0.08694302508979226,0.1266473280222694,0.0914343818978094
5,0.0306651980914521,0.01666457138633657,0.014460013381791816,0.2637484294606201,0.0662619981516059,0.3581,0.0878255704416522,0.12111910205080104,0.0914343818978094
6,0.045740407269411545,0.019997485663603883,0.01735201605815018,0.2629935924025502,0.0662619981516059,0.359,0.09515963843601147,0.11559087607933266,0.0914343818978094
7,0.060815616447371,0.0233303999408712,0.020244018734508543,0.2629935924025502,0.0464521404233273,0.359,0.10249370643037073,0.11006265010786427,0.0914343818978094
8,0.060815616447371,0.02666331421813851,0.023136021410866906,0.2629935924025502,0.0464521404233273,0.359,0.10982777442472999,0.1045344241363959,0.0914343818978094
9,0.060815616447371,0.029996228495405824,0.02602802408722527,0.2629935924025502,0.0464521404233273,0.359,0.11716184241908924,0.1045344241363959,0.0914343818978094
10,0.060815616447371,0.03332914277267314,0.028920026763583632,0.2629935924025502,0.0464521404233273,0.359,0.1244959104134485,0.1045344241363959,0.0914343818978094
11,0.060815616447371,0.03666205704994045,0.031812029439942,0.2617699776381861,0.0464521404233273,0.359,0.12002887437574766,0.1045344241363959,0.0914343818978094
12,0.0681074943117794,0.039994971327207765,0.03470403211630036,0.2617699776381861,0.0464521404233273,0.359,0.11556183833804683,0.1045344241363959,0.0914343818978094
13,0.0753993721761878,0.04332788560447508,0.037596034792658724,0.2631728020986909,0.0464521404233273,0.359,0.11109480230034599,0.1045344241363959,0.0914343818978094
14,0.0753993721761878,0.0466607998817424,0.04048803746901709,0.2631728020986909,0.0464521404233273,0.359,0.10662776626264514,0.1045344241363959,0.0914343818978094
15,0.0753993721761878,0.048647202890923544,0.04338004014537545,0.2631941515004196,0.0464521404233273,0.359,0.1021607302249443,0.1045344241363959,0.0914343818978094
16,0.0753993721761878,0.05063360590010469,0.04627204282173381,0.2635483927575395,0.0518779890474246,0.359,0.10495029186695075,0.1045344241363959,0.0914343818978094
17,0.07496757614717445,0.05262000890928584,0.049164045498092175,0.2610536995647262,0.0518779890474246,0.359,0.10773985350895718,0.11006265010786427,0.0914343818978094
18,0.0745357801181611,0.054606411918466984,0.05205604817445054,0.2619047437076239,0.0518779890474246,0.359,0.11052941515096362,0.11559087607933266,0.0914343818978094
19,0.07702443711560764,0.05659281492764813,0.0549480508508089,0.2619047437076239,0.0518779890474246,0.359,0.11331897679297005,0.12111910205080104,0.0914343818978094
20,0.07951309411305417,0.05857921793682928,0.0549480508508089,0.2619047437076239,0.0518779890474246,0.359,0.1161085384349765,0.1266473280222694,0.0914343818978094
21,0.0820017511105007,0.06056562094601042,0.0549480508508089,0.2619047437076239,0.0946251489229331,0.359,0.12498714379395942,0.12111910205080104,0.0687771435758899
22,0.0820017511105007,0.06255202395519158,0.0549480508508089,0.2619047437076239,0.0946251489229331,0.359,0.13386574915294233,0.11559087607933266,0.0687771435758899
23,0.08793720192920455,0.06453842696437272,0.0549480508508089,0.263623587843817,0.0946251489229331,0.359,0.14274435451192524,0.11006265010786427,0.0687771435758899
24,0.0938726527479084,0.06652482997355386,0.054547267750432164,0.263623587843817,0.0946251489229331,0.359,0.15162295987090818,0.1045344241363959,0.0687771435758899
25,0.0938726527479084,0.06851123298273501,0.054146484650055435,0.2592537358188594,0.0946251489229331,0.359,0.1605015652298911,0.11006265010786427,0.0687771435758899
26,0.0938726527479084,0.07049763599191616,0.0537457015496787,0.2592537358188594,0.0946251489229331,0.3602,0.14913707376671054,0.11559087607933266,0.0687771435758899
27,0.09620427721310046,0.0724840390010973,0.0537457015496787,0.2592537358188594,0.0946251489229331,0.3593,0.13777258230352998,0.12111910205080104,0.0687771435758899
28,0.0985359016782925,0.07447044201027844,0.05642833993786837,0.2592537358188594,0.0946251489229331,0.3593,0.12640809084034943,0.1266473280222694,0.0687771435758899
29,0.0985359016782925,0.0764568450194596,0.05911097832605803,0.2592537358188594,0.0946251489229331,0.3593,0.11504359937716885,0.12111910205080104,0.0687771435758899
30,0.0985359016782925,0.07945943792150056,0.0617936167142477,0.260457360487478,0.0946251489229331,0.3593,0.1036791079139883,0.11559087607933266,0.0687771435758899
31,0.0985359016782925,0.08246203082354152,0.0708749091434988,0.260457360487478,0.0946251489229331,0.3596,0.10218530524227351,0.11006265010786427,0.0687771435758899
32,0.101382523467103,0.08546462372558249,0.0708749091434988,0.260457360487478,0.0946251489229331,0.3606,0.10069150257055874,0.1045344241363959,0.0687771435758899
33,0.1042291452559135,0.08846721662762345,0.0708749091434988,0.260457360487478,0.0946251489229331,0.3606,0.09919769989884396,0.11006265010786427,0.0687771435758899
34,0.1095234210759611,0.09146980952966442,0.0708749091434988,0.260457360487478,0.0946251489229331,0.3606,0.09770389722712919,0.11559087607933266,0.0687771435758899
35,0.1148176968960087,0.09447240243170538,0.07153829476278672,0.260992405644407,0.0946251489229331,0.3606,0.0962100945554144,0.12111910205080104,0.0687771435758899
36,0.1148176968960087,0.09747499533374634,0.07220168038207467,0.2596099860310376,0.0946251489229331,0.3606,0.09487378801621746,0.1266473280222694,0.0687771435758899
37,0.1148176968960087,0.10047758823578731,0.0728650660013626,0.2596099860310376,0.0946251489229331,0.362,0.09353748147702053,0.12111910205080104,0.0687771435758899
38,0.11692033333246696,0.10348018113782828,0.0664799164417655,0.2596099860310376,0.0946251489229331,0.362,0.09220117493782358,0.11559087607933266,0.0687771435758899
39,0.11902296976892524,0.10648277403986924,0.0664799164417655,0.2596099860310376,0.0946251489229331,0.3637,0.09086486839862665,0.11006265010786427,0.0687771435758899
40,0.1211256062053835,0.1094853669419102,0.0692789343574559,0.2596099860310376,0.0946251489229331,0.3637,0.0895285618594297,0.1045344241363959,0.0687771435758899
41,0.1211256062053835,0.11248795984395116,0.0692789343574559,0.2554927514950245,0.0946251489229331,0.3637,0.07760933439440967,0.11006265010786427,0.0687771435758899
42,0.12466595095257746,0.11549055274599213,0.0878159249748176,0.2555840449035538,0.1091316252168589,0.3637,0.06569010692938966,0.11559087607933266,0.0687771435758899
43,0.1282062956997714,0.1184931456480331,0.0878159249748176,0.2491797098931619,0.1091316252168589,0.3637,0.05377087946436964,0.12111910205080104,0.0687771435758899
44,0.13219208394431764,0.12085659639834559,0.08930245448493776,0.2491797098931619,0.1091316252168589,0.3637,0.04185165199934962,0.1266473280222694,0.0687771435758899
45,0.1361778721888639,0.12322004714865807,0.0907889839950579,0.2491797098931619,0.1091316252168589,0.3637,0.0299324245343296,0.12111910205080104,0.0687771435758899
46,0.1361778721888639,0.12558349789897055,0.0947066405293252,0.2491797098931619,0.1091316252168589,0.3637,0.049052717208717164,0.11559087607933266,0.0687771435758899
47,0.13884485240598457,0.12794694864928305,0.0986242970635925,0.2491797098931619,0.1091316252168589,0.3637,0.06817300988310473,0.11006265010786427,0.0687771435758899
48,0.14151183262310524,0.13031039939959554,0.0986242970635925,0.2489467853247512,0.1091316252168589,0.3637,0.08729330255749229,0.1045344241363959,0.0687771435758899
49,0.1441788128402259,0.13267385014990804,0.0986242970635925,0.2489467853247512,0.1091316252168589,0.3637,0.10641359523187985,0.11006265010786427,0.0687771435758899
50,0.1441788128402259,0.13503730090022054,0.0986242970635925,0.2489467853247512,0.1091316252168589,0.3637,0.1255338879062674,0.11559087607933266,0.0687771435758899
51,0.14851046328287354,0.137400751650533,0.0987818454150523,0.2489467853247512,0.1091316252168589,0.3637,0.1432992924120396,0.12111910205080104,0.0687771435758899
52,0.1528421137255212,0.1397642024008455,0.0989393937665121,0.2489467853247512,0.1091316252168589,0.3637,0.1610646969178118,0.1266473280222694,0.0687771435758899
53,0.1564553560196922,0.142127653151158,0.0989393937665121,0.2489467853247512,0.1091316252168589,0.3649,0.178830101423584,0.12111910205080104,0.0687771435758899
54,0.1600685983138632,0.1444911039014705,0.0956760835818011,0.2489467853247512,0.0840302052447055,0.3649,0.1965955059293562,0.11559087607933266,0.0687771435758899
55,0.1636818406080342,0.15186945118775308,0.0995846165579495,0.2489467853247512,0.0840302052447055,0.3649,0.2143609104351284,0.11006265010786427,0.0687771435758899
56,0.16824086771792146,0.15924779847403567,0.1022092439831994,0.2503459658607535,0.0840302052447055,0.3649,0.21136180285271555,0.1045344241363959,0.0687771435758899
57,0.1727998948278087,0.16662614576031826,0.1048338714084493,0.2503459658607535,0.0840302052447055,0.3649,0.2083626952703027,0.1045344241363959,0.0687771435758899
58,0.177718415587107,0.17400449304660084,0.1048338714084493,0.2508925619508848,0.0840302052447055,0.3649,0.20536358768788987,0.1045344241363959,0.0687771435758899
59,0.1826369363464053,0.18138284033288343,0.1048338714084493,0.2529794103259247,0.0840302052447055,0.3649,0.20236448010547703,0.1045344241363959,0.0687771435758899
60,0.18629823344552293,0.18876118761916602,0.11630858418172453,0.2608602775962712,0.0840302052447055,0.3649,0.1993653725230642,0.1045344241363959,0.0687771435758899
61,0.18995953054464057,0.1961395349054486,0.12778329695499976,0.2592537119052453,0.0840302052447055,0.3649,0.19684055164982492,0.11006265010786427,0.0601348366967685
62,0.1936208276437582,0.2035178821917312,0.139258009728275,0.2601071876748337,0.0840302052447055,0.3649,0.19431573077658568,0.11559087607933266,0.0601348366967685
63,0.19898793744982926,0.21089622947801379,0.139258009728275,0.2607336851482377,0.0840302052447055,0.3649,0.1917909099033464,0.12111910205080104,0.0601348366967685
64,0.2043550472559003,0.21827457676429637,0.139258009728275,0.2591481964156382,0.0840302052447055,0.3649,0.18926608903010717,0.1266473280222694,0.0601348366967685
65,0.2043550472559003,0.22565292405057896,0.139258009728275,0.2591481964156382,0.117523223467494,0.3649,0.1867412681568679,0.1266473280222694,0.0601348366967685
66,0.21014788052273992,0.23303127133686155,0.139258009728275,0.2591406688647819,0.117523223467494,0.3649,0.19564155312191453,0.1266473280222694,0.0601348366967685
67,0.2159407137895795,0.24040961862314414,0.139258009728275,0.2579169844927566,0.117523223467494,0.3662,0.20454183808696114,0.1266473280222694,0.0601348366967685
68,0.2159407137895795,0.24778796590942673,0.139258009728275,0.2585868111285873,0.117523223467494,0.369,0.21344212305200777,0.1266473280222694,0.0601348366967685
69,0.22169849800623548,0.2551663131957093,0.13348657602515365,0.2585868111285873,0.117523223467494,0.369,0.2223424080170544,0.1266473280222694,0.0601348366967685
70,0.2274562822228915,0.25807316682929704,0.1277151423220323,0.2585868111285873,0.117523223467494,0.369,0.231242692982101,0.1266473280222694,0.0601348366967685
71,0.2315652512926262,0.2609800204628848,0.1277151423220323,0.2593542694353611,0.117523223467494,0.3718,0.21240455112168896,0.1266473280222694,0.0601348366967685
72,0.23567422036236088,0.26388687409647255,0.1277151423220323,0.2580884412804127,0.1370937930179004,0.3723,0.19356640926127688,0.1266473280222694,0.0601348366967685
73,0.2397831894320956,0.2667937277300603,0.1335874771925927,0.2580884412804127,0.1370937930179004,0.3723,0.17472826740086483,0.12111910205080104,0.0601348366967685
74,0.24622084180056372,0.26970058136364805,0.1394598120631531,0.2594824350375397,0.1370937930179004,0.3723,0.15589012554045278,0.11559087607933266,0.0601348366967685
75,0.25265849416903186,0.27260743499723583,0.1457222179525254,0.2607533783326297,0.1370937930179004,0.3731,0.1370519836800407,0.11006265010786427,0.0601348366967685
76,0.2590961465375,0.27551428863082356,0.1519846238418977,0.2607533783326297,0.1370937930179004,0.3731,0.16392820540823805,0.1045344241363959,0.0601348366967685
77,0.2639396614690699,0.2784211422644113,0.15871204226220603,0.2600721139826502,0.1370937930179004,0.3741,0.1908044271364354,0.11006265010786427,0.0601348366967685
78,0.2687831764006398,0.28132799589799906,0.1654394606825144,0.2600721139826502,0.1370937930179004,0.375,0.21768064886463273,0.11559087607933266,0.0601348366967685
79,0.27300582972494086,0.2842348495315868,0.1630616207081192,0.2619147349166257,0.1370937930179004,0.375,0.24455687059283007,0.12111910205080104,0.0601348366967685
80,0.27722848304924197,0.28714170316517457,0.160683780733724,0.2630734040045717,0.1370937930179004,0.3759,0.2714330923210274,0.1266473280222694,0.0601348366967685
81,0.281451136373543,0.2900485567987623,0.16025555237261957,0.2630734040045717,0.1370937930179004,0.3759,0.27326725283105735,0.12111910205080104,0.0495320226472472
82,0.28851377447486104,0.29295541043235007,0.15982732401151512,0.263861299330632,0.1370937930179004,0.3759,0.27510141334108723,0.11559087607933266,0.0495320226472472
83,0.295576412576179,0.2958622640659378,0.1593990956504107,0.2650032299685811,0.1619027057097821,0.3759,0.27693557385111717,0.11006265010786427,0.0495320226472472
84,0.295576412576179,0.29913828004689313,0.15875821762292125,0.2569364332938098,0.1619027057097821,0.3759,0.27876973436114705,0.1045344241363959,0.0495320226472472
85,0.30062664167932496,0.3024142960278484,0.1581173395954318,0.2589366045561376,0.1619027057097821,0.3759,0.280603894871177,0.1045344241363959,0.0495320226472472
86,0.3056768707824709,0.30569031200880376,0.1820044615830548,0.2595962797793942,0.1619027057097821,0.3768,0.24933112754317727,0.1045344241363959,0.0495320226472472
87,0.3056768707824709,0.3089663279897591,0.18893687901127285,0.258900136645876,0.1619027057097821,0.3768,0.21805836021517755,0.1045344241363959,0.0495320226472472
88,0.3056768707824709,0.31224234397071443,0.1958692964394909,0.2646620556797959,0.1619027057097821,0.3768,0.18678559288717783,0.1045344241363959,0.0495320226472472
89,0.3056768707824709,0.3155183599516697,0.2004146278403883,0.2646620556797959,0.1619027057097821,0.3768,0.15551282555917811,0.1045344241363959,0.0495320226472472
90,0.3056768707824709,0.31879437593262505,0.20495995924128568,0.2709248116328439,0.1619027057097821,0.3777,0.1242400582311784,0.1045344241363959,0.0495320226472472
91,0.3056768707824709,0.3220703919135804,0.2095052906421831,0.2737184990711995,0.1619027057097821,0.3777,0.1566665240021575,0.1045344241363959,0.0495320226472472
92,0.3056768707824709,0.32534640789453567,0.2095052906421831,0.2737184990711995,0.1619027057097821,0.3784,0.1890929897731366,0.1045344241363959,0.0495320226472472
93,0.3056768707824709,0.328622423875491,0.2159725946003346,0.2737184990711995,0.1619027057097821,0.3784,0.22151945554411567,0.1045344241363959,0.0495320226472472
94,0.3056768707824709,0.33189843985644635,0.2159725946003346,0.2737184990711995,0.1619027057097821,0.3784,0.25394592131509475,0.1045344241363959,0.0495320226472472
95,0.3056768707824709,0.3351744558374017,0.2159725946003346,0.2737184990711995,0.2206493940525521,0.3784,0.2863723870860739,0.1045344241363959,0.0495320226472472
96,0.31026026575061977,0.33845047181835697,0.2159725946003346,0.279184441528796,0.2206493940525521,0.3784,0.27167268364486186,0.1045344241363959,0.0495320226472472
97,0.3148436607187686,0.3417264877993123,0.2159725946003346,0.2848025137224004,0.2206493940525521,0.3796,0.2569729802036499,0.1045344241363959,0.0495320226472472
98,0.3194270556869175,0.3426959980112317,0.2159725946003346,0.2862780957803098,0.2206493940525521,0.3805,0.24227327676243787,0.1045344241363959,0.0495320226472472
99,0.3247021344717313,0.343665508223151,0.2159725946003346,0.2903946714698654,0.2206493940525521,0.3818,0.22757357332122588,0.1045344241363959,0.0495320226472472
100,0.3299772132565451,0.3446350184350704,0.2295314757353694,0.2903946714698654,0.2206493940525521,0.3818,0.2128738698800139,0.1045344241363959,0.0495320226472472
101,0.33561484272862807,0.3456045286469897,0.2295314757353694,0.2903946714698654,0.2206493940525521,0.3818,0.23137167320862023,0.1045344241363959,0.0495320226472472
102,0.341252472200711,0.3465740388589091,0.2295314757353694,0.2903946714698654,0.2206493940525521,0.3818,0.24986947653722658,0.1045344241363959,0.0495320226472472
103,0.341252472200711,0.34754354907082846,0.22882267566556108,0.2903946714698654,0.2206493940525521,0.3818,0.2683672798658329,0.1045344241363959,0.0495320226472472
104,0.341252472200711,0.3485130592827478,0.2281138755957528,0.2903946714698654,0.2206493940525521,0.3818,0.28686508319443926,0.1045344241363959,0.0495320226472472
105,0.347296350416277,0.34948256949466716,0.2417254493186693,0.2903946714698654,0.2206493940525521,0.3818,0.3053628865230456,0.11071855605634787,0.0495320226472472
106,0.353340228631843,0.35045207970658654,0.2496326650862762,0.2903946714698654,0.2206493940525521,0.3818,0.28300178861092773,0.11690268797629985,0.0495320226472472
107,0.353340228631843,0.35142158991850586,0.25753988085388313,0.2903946714698654,0.2206493940525521,0.3818,0.26064069069880985,0.12308681989625182,0.0495320226472472
108,0.35799316521595215,0.35239110013042524,0.2654470966214901,0.2903946714698654,0.2213238045887181,0.3818,0.23827959278669195,0.1292709518162038,0.0495320226472472
109,0.36264610180006124,0.35336061034234456,0.2692738236800698,0.2903946714698654,0.2213238045887181,0.3818,0.21591849487457407,0.12308681989625182,0.0495320226472472
110,0.3672990383841704,0.35433012055426394,0.2731005507386496,0.2903946714698654,0.2213238045887181,0.3818,0.1935573969624562,0.11690268797629985,0.0495320226472472
111,0.3672990383841704,0.3552996307661833,0.2769272777972293,0.2903946714698654,0.2213238045887181,0.3818,0.21996810192754124,0.11071855605634787,0.0495320226472472
112,0.3724404024083995,0.35626914097810264,0.28010427282498673,0.2903946714698654,0.2213238045887181,0.3818,0.24637880689262628,0.1045344241363959,0.0495320226472472
113,0.3775817664326286,0.357238651190022,0.2832812678527442,0.2903946714698654,0.2213238045887181,0.3818,0.27278951185771133,0.10794393522037302,0.0495320226472472
114,0.3827231304568577,0.35820816140194134,0.2900785308639111,0.2903946714698654,0.2213238045887181,0.3818,0.2992002168227964,0.11135344630435015,0.0495320226472472
115,0.39043472920815947,0.3591776716138607,0.293583014722014,0.2903946714698654,0.2213238045887181,0.3818,0.3256109217878814,0.11476295738832729,0.0495320226472472
116,0.3981463279594613,0.36306267322837804,0.2970874985801168,0.2903946714698654,0.1718110053246356,0.3818,0.33381374110371337,0.1181724684723044,0.0495320226472472
117,0.4047912573039665,0.36694767484289537,0.3006714713392533,0.2903946714698654,0.1718110053246356,0.3818,0.3420165604195453,0.12029118335979566,0.0495320226472472
118,0.4114361866484716,0.37083267645741275,0.3042554440983898,0.2903946714698654,0.1718110053246356,0.3818,0.3502193797353773,0.1224098982472869,0.0495320226472472
119,0.4114361866484716,0.37471767807193007,0.3042554440983898,0.2903946714698654,0.1718110053246356,0.3818,0.35842219905120926,0.12452861313477816,0.0495320226472472
120,0.41704152280852697,0.3786026796864474,0.3119345454934931,0.2903946714698654,0.1718110053246356,0.3818,0.3666250183670412,0.1266473280222694,0.0495320226472472
121,0.42264685896858234,0.3824876813009647,0.25417901374626395,0.2903946714698654,0.1718110053246356,0.3818,0.36359356005275323,0.12111910205080104,0.0495320226472472
122,0.4282521951286377,0.3863726829154821,0.1964234819990348,0.2903946714698654,0.1718110053246356,0.3818,0.36056210173846526,0.11559087607933266,0.0495320226472472
123,0.4340645893646068,0.3902576845299994,0.220106579293772,0.2903946714698654,0.1862134134430965,0.3818,0.35753064342417734,0.11006265010786427,0.0495320226472472
124,0.4398769836005759,0.39414268614451675,0.220106579293772,0.2903946714698654,0.1862134134430965,0.3818,0.35449918510988937,0.1045344241363959,0.0495320226472472
125,0.445689377836545,0.3980276877590341,0.234732832565876,0.2903946714698654,0.1862134134430965,0.3818,0.3514677267956014,0.11006265010786427,0.0495320226472472
126,0.445689377836545,0.40191268937355146,0.23764226540700564,0.2903946714698654,0.1862134134430965,0.3818,0.36824778645018436,0.11559087607933266,0.0495320226472472
127,0.45086458374939115,0.4057976909880688,0.2405516982481353,0.2903946714698654,0.1862134134430965,0.3818,0.3850278461047673,0.12111910205080104,0.0495320226472472
128,0.45603978966223724,0.4096826926025861,0.2471240931393131,0.2903946714698654,0.1862134134430965,0.3818,0.40180790575935027,0.1266473280222694,0.0495320226472472
129,0.4612149955750834,0.41859209726559565,0.3212397298981712,0.2903946714698654,0.1862134134430965,0.3818,0.4185879654139332,0.12415226497357404,0.0495320226472472
130,0.46692867535851246,0.42750150192860525,0.32925461467694556,0.2903946714698654,0.1862134134430965,0.3818,0.4353680250685162,0.12165720192487867,0.0495320226472472
131,0.47264235514194153,0.4364109065916148,0.33726949945571993,0.2903946714698654,0.1862134134430965,0.3818,0.43308260200105525,0.11916213887618328,0.0495320226472472
132,0.4783560349253706,0.44532031125462435,0.3452843842344943,0.2903946714698654,0.1862134134430965,0.3818,0.43079717893359437,0.1166670758274879,0.0495320226472472
133,0.4853103464590149,0.4542297159176339,0.3487964295024104,0.2903946714698654,0.1972416647517445,0.3818,0.42851175586613344,0.1195068690446303,0.0495320226472472
134,0.4922646579926591,0.46313912058064344,0.3523084747703265,0.2903946714698654,0.1972416647517445,0.3818,0.42622633279867256,0.12234666226177271,0.0495320226472472
135,0.4992189695263034,0.47204852524365304,0.35734590198844607,0.2903946714698654,0.1972416647517445,0.3818,0.4239409097312116,0.1251864554789151,0.0495320226472472
136,0.5063534656655858,0.4809579299066626,0.3623833292065657,0.2903946714698654,0.1972416647517445,0.3818,0.4346609516216823,0.1280262486960575,0.0495320226472472
137,0.5134879618048682,0.48986733456967213,0.3623833292065657,0.2903946714698654,0.1972416647517445,0.3818,0.44538099351215293,0.1281003658169101,0.0495320226472472
138,0.5134879618048682,0.49877673923268173,0.3623833292065657,0.2903946714698654,0.1972416647517445,0.3818,0.4561010354026236,0.12817448293776265,0.0495320226472472
139,0.526140505979042,0.5076861438956912,0.3623833292065657,0.2903946714698654,0.2359367735334514,0.3818,0.46682107729309424,0.12824860005861521,0.0495320226472472
140,0.5387930501532158,0.5165955485587008,0.3623833292065657,0.2903946714698654,0.2359367735334514,0.3818,0.4775411191835649,0.1283227171794678,0.0495320226472472
141,0.5466293039055653,0.5183497700802403,0.3623833292065657,0.2903946714698654,0.2359367735334514,0.3818,0.47816082456520825,0.12790386989016822,0.202003859107754
142,0.5544655576579148,0.5201039916017798,0.3623833292065657,0.2903946714698654,0.2441996368510373,0.3818,0.4787805299468516,0.1274850226008686,0.202003859107754
143,0.5630934716234526,0.5218582131233191,0.3623833292065657,0.2903946714698654,0.2441996368510373,0.3818,0.4794002353284949,0.127066175311569,0.202003859107754
144,0.5717213855889903,0.5236124346448586,0.3647908303073064,0.2903946714698654,0.2441996368510373,0.3818,0.48001994071013826,0.1266473280222694,0.202003859107754
145,0.5781355269475312,0.5253666561663981,0.3671983314080471,0.2903946714698654,0.2441996368510373,0.3818,0.4806396460917816,0.1266473280222694,0.202003859107754
146,0.5845496683060722,0.5271208776879376,0.3696058325087878,0.2903946714698654,0.2441996368510373,0.3818,0.4941008672907647,0.1266473280222694,0.202003859107754
147,0.5909638096646131,0.5288750992094771,0.3696058325087878,0.2903946714698654,0.2441996368510373,0.3818,0.5075620884897477,0.1266473280222694,0.202003859107754
148,0.5909638096646131,0.5306293207310165,0.3696058325087878,0.2903946714698654,0.2441996368510373,0.3818,0.5210233096887308,0.1266473280222694,0.202003859107754
149,0.5909638096646131,0.5323835422525559,0.3696058325087878,0.2903946714698654,0.2441996368510373,0.3818,0.5344845308877139,0.1266473280222694,0.202003859107754
150,0.5909638096646131,0.5341377637740954,0.3696058325087878,0.2903946714698654,0.2441996368510373,0.3818,0.5479457520866969,0.1266473280222694,0.202003859107754
151,0.5909638096646131,0.5358919852956349,0.37734091463644603,0.2903946714698654,0.2441996368510373,0.3818,0.5118068196699173,0.1266473280222694,0.202003859107754
152,0.5909638096646131,0.5391865132998268,0.3850759967641043,0.2903946714698654,0.2441996368510373,0.3818,0.47566788725313747,0.1266473280222694,0.202003859107754
153,0.5983001927166071,0.5424810413040186,0.39496079954426055,0.2903946714698654,0.2684627371924467,0.3818,0.4395289548363578,0.1222589558675963,0.202003859107754
154,0.6056365757686011,0.5457755693082106,0.4048456023244168,0.2903946714698654,0.2684627371924467,0.3818,0.40339002241957805,0.11787058371292321,0.202003859107754
155,0.612972958820595,0.5490700973124024,0.4048456023244168,0.2903946714698654,0.3067366944273528,0.3818,0.3672510900027983,0.11348221155825011,0.202003859107754
156,0.6224338425960769,0.5523646253165944,0.4048456023244168,0.2903946714698654,0.3067366944273528,0.3818,0.37044962276473004,0.109093839403577,0.202003859107754
157,0.6318947263715587,0.5556591533207862,0.4192826284848837,0.2903946714698654,0.3067366944273528,0.3818,0.37364815552666175,0.10795398558678172,0.202003859107754
158,0.6413880798373786,0.5589536813249781,0.4192826284848837,0.2903946714698654,0.3067366944273528,0.3818,0.37684668828859347,0.10681413176998644,0.202003859107754
159,0.6508814333031983,0.56224820932917,0.4192826284848837,0.2903946714698654,0.3067366944273528,0.3818,0.3800452210505252,0.10567427795319118,0.202003859107754
160,0.659632700176222,0.5655427373333619,0.4280372670450586,0.2903946714698654,0.3067366944273528,0.3818,0.3832437538124569,0.1045344241363959,0.202003859107754
161,0.6683839670492456,0.5688372653375537,0.43679190560523357,0.2903946714698654,0.3067366944273528,0.3818,0.390368266810184,0.11006265010786427,0.169922734684021
162,0.6771352339222694,0.5721317933417457,0.4455465441654085,0.2903946714698654,0.3067366944273528,0.3818,0.39749277980791115,0.11559087607933266,0.169922734684021
163,0.6879208951507898,0.5754263213459375,0.4455465441654085,0.2903946714698654,0.3255151781685282,0.3818,0.40461729280563824,0.12111910205080104,0.169922734684021
164,0.6987065563793103,0.5787208493501295,0.4455465441654085,0.2903946714698654,0.3255151781685282,0.3818,0.4117418058033654,0.1266473280222694,0.169922734684021
165,0.6987065563793103,0.5820153773543213,0.4455465441654085,0.2903946714698654,0.3255151781685282,0.3818,0.4188663188010925,0.1266473280222694,0.169922734684021
166,0.7096704182295752,0.5853099053585132,0.4455465441654085,0.2903946714698654,0.3255151781685282,0.3818,0.45473065829643533,0.1266473280222694,0.169922734684021
167,0.7206342800798401,0.5886044333627051,0.4455465441654085,0.2903946714698654,0.3255151781685282,0.3818,0.49059499779177823,0.1266473280222694,0.169922734684021
168,0.7206342800798401,0.591898961366897,0.4455465441654085,0.2903946714698654,0.3255151781685282,0.3818,0.5264593372871211,0.1266473280222694,0.169922734684021
169,0.733596688580346,0.5951934893710888,0.4455465441654085,0.2903946714698654,0.3255151781685282,0.3818,0.562323676782464,0.12288864498157738,0.169922734684021
170,0.7465590970808518,0.5984880173752808,0.4642622407711608,0.2903946714698654,0.3255151781685282,0.3818,0.5981880162778068,0.11912996194088535,0.169922734684021
171,0.7597038221598426,0.6004536817674462,0.48297793737691314,0.2903946714698654,0.3255151781685282,0.3818,0.5848649325875229,0.11537127890019333,0.169922734684021
172,0.7728485472388333,0.6024193461596116,0.5016936339826654,0.2903946714698654,0.3255151781685282,0.3818,0.571541848897239,0.1116125958595013,0.169922734684021
173,0.7853998907868616,0.604385010551777,0.4913705356908088,0.2903946714698654,0.347093584888426,0.3818,0.5582187652069551,0.11537127890019333,0.169922734684021
174,0.7979512343348899,0.6063506749439423,0.4810474373989521,0.2903946714698654,0.347093584888426,0.3818,0.5448956815166712,0.11912996194088535,0.169922734684021
175,0.8105025778829181,0.6083163393361076,0.4810474373989521,0.2903946714698654,0.347093584888426,0.3818,0.5315725978263873,0.12288864498157738,0.169922734684021
176,0.8105025778829181,0.610282003728273,0.5027801797436682,0.2903946714698654,0.347093584888426,0.3818,0.5583008098708396,0.1266473280222694,0.169922734684021
177,0.8105025778829181,0.6122476681204384,0.5245129220883842,0.2903946714698654,0.347093584888426,0.3818,0.5850290219152918,0.1266473280222694,0.169922734684021
178,0.8105025778829181,0.6142133325126038,0.5462456644331003,0.2903946714698654,0.347093584888426,0.3818,0.6117572339597441,0.1266473280222694,0.169922734684021
179,0.8230962141080115,0.6161789969047692,0.5462456644331003,0.2903946714698654,0.347093584888426,0.3818,0.6384854460041963,0.1266473280222694,0.169922734684021
180,0.8356898503331047,0.6214147245844993,0.5462456644331003,0.2903946714698654,0.347093584888426,0.3818,0.6652136580486486,0.1266473280222694,0.169922734684021
181,0.8482834865581981,0.6266504522642293,0.5462456644331003,0.2903946714698654,0.347093584888426,0.3818,0.6508458783734923,0.1323964005098282,0.171834747462481
182,0.867025648673511,0.6318861799439595,0.5462456644331003,0.2903946714698654,0.347093584888426,0.3818,0.6364780986983359,0.138145472997387,0.171834747462481
183,0.8857678107888238,0.6371219076236895,0.5355439348258924,0.2903946714698654,0.347093584888426,0.3818,0.6221103190231795,0.14389454548494582,0.171834747462481
184,0.8985043077691685,0.6423576353034196,0.5416108199701165,0.2903946714698654,0.3398422897842028,0.3818,0.6077425393480231,0.1496436179725046,0.171834747462481
185,0.911240804749513,0.6475933629831496,0.5476777051143407,0.2903946714698654,0.3398422897842028,0.3818,0.5933747596728668,0.14383418377286433,0.171834747462481
186,0.9239773017298576,0.6528290906628798,0.5537445902585648,0.2903946714698654,0.3398422897842028,0.3818,0.5888713328052425,0.13802474957322405,0.171834747462481
187,0.9430172423340464,0.6580648183426098,0.5537445902585648,0.2903946714698654,0.3398422897842028,0.3818,0.5843679059376182,0.13221531537358377,0.171834747462481
188,0.9620571829382352,0.6633005460223399,0.5830858230279062,0.2903946714698654,0.3514114293582531,0.3818,0.579864479069994,0.1264058811739435,0.171834747462481
189,0.9810285914691176,0.6685362737020699,0.6124270557972477,0.2903946714698654,0.3514114293582531,0.3818,0.5753610522023698,0.12646624288602498,0.171834747462481
190,1.0,0.6737720013818,0.6417682885665891,0.2903946714698654,0.3514114293582531,0.3818,0.5708576253347455,0.12652660459810644,0.171834747462481
191,1.0,0.6737720013818,0.6417682885665891,0.2903946714698654,0.3514114293582531,0.3818,0.5720912302562852,0.12658696631018793,0.171834747462481
192,1.0,0.6737720013818,0.6417682885665891,0.2903946714698654,0.3514114293582531,0.3818,0.5733248351778248,0.1266473280222694,0.171834747462481
193,1.0,0.6737720013818,0.6417682885665891,0.2903946714698654,0.3514114293582531,0.3818,0.5745584400993644,0.13424649230765903,0.171834747462481
194,1.0,0.6737720013818,0.6417682885665891,0.2903946714698654,0.3514114293582531,0.3818,0.5757920450209041,0.14184565659304865,0.171834747462481
195,1.0,0.6737720013818,0.6417682885665891,0.2903946714698654,0.3808644975798484,0.3818,0.5770256499424438,0.14944482087843827,0.171834747462481
196,1.0,0.6737720013818,0.6417682885665891,0.2903946714698654,0.3808644975798484,0.3818,0.5686075010858276,0.1570439851638279,0.171834747462481
197,1.0,0.6737720013818,0.6417682885665891,0.2903946714698654,0.3808644975798484,0.3818,0.5601893522292113,0.1492967483256975,0.171834747462481
198,1.0,0.6737720013818,0.6640814266559995,0.2903946714698654,0.3808644975798484,0.3818,0.5517712033725951,0.14154951148756711,0.171834747462481
199,1.0,0.6737720013818,0.6640814266559995,0.2903946714698654,0.3808644975798484,0.3818,0.5433530545159788,0.1338022746494367,0.171834747462481
200,1.0,0.6737720013818,0.6640814266559995,0.2903946714698654,0.3808644975798484,0.3818,0.5349349056593626,0.1260550378113063,0.171834747462481
